{"Loss": 0.1478022262454033, "_runtime": 146, "_timestamp": 1634989979, "_step": 399, "Val Loss": 0.19135986268520355, "Acc": 11.200000000000001, "Val ACC": 0.0, "_wandb": {"runtime": 145}}